File name;Sa;Sz;Str;Spc;Sdr;Sq;Ssk;Sku;Sp;Sv;Sal;Std;Sdq;Spd;Sk;Spk;Svk;Smr1;Smr2;Sxp;Vvv;Vvc;Vmp;Vmc;Area size;Class_1;Class_2
20240731133843_Y2_X5;10,218;144,940;0,244;939,858;1,042;13,111;-0,150;3,616;81,173;63,767;120,579;0,000;1,647;7541,451;31,902;12,698;15,977;10,040;89,651;24,728;1,649;15,119;0,635;11,214;5698488,305;2;8
20240731133843_Y2_X6;10,040;212,876;0,201;950,167;1,071;12,831;0,042;3,400;70,776;142,099;105,772;171,800;1,664;7859,100;30,656;13,328;13,577;11,605;89,250;25,576;1,494;15,520;0,651;11,177;5698488,305;2;8
20240731133843_Y2_X7;10,919;182,977;0,385;856,703;0,8644;13,489;-0,161;2,780;115,885;67,093;209,708;175,200;1,483;7524,214;35,741;10,265;12,575;7,972;88,911;24,117;1,532;16,018;0,537;12,841;5698488,305;2;8
20240731133843_Y3_X5;11,248;143,064;0,081;951,704;1,074;13,862;-0,081;2,838;71,636;71,428;111,509;180,000;1,666;8017,925;38,745;11,049;12,631;7,560;91,657;25,866;1,512;16,686;0,585;12,919;5698488,305;2;8
20240731133843_Y3_X6;10,577;141,375;0,120;928,487;1,028;13,218;-0,107;3,123;82,599;58,776;165,537;0,000;1,629;7962,873;34,379;12,075;13,013;8,180;89,355;24,537;1,509;15,384;0,619;12,187;5698488,305;2;8
20240731133843_Y3_X7;10,839;287,593;0,540;876,264;0,9445;13,591;-0,137;3,599;173,085;114,509;351,482;180,000;1,560;7784,173;34,979;10,903;14,366;7,679;88,248;23,379;1,692;15,479;0,560;12,469;5698488,305;2;8
20240731133843_Y4_X6;9,536;199,922;0,113;472,971;0,2606;11,871;-0,185;2,937;104,690;95,231;106,218;180,000;0,796;3936,849;30,685;8,749;11,905;8,795;88,685;20,846;1,412;14,129;0,449;11,098;5698488,305;2;8
20240731133843_Y4_X7;10,874;172,538;0,178;707,544;0,6080;13,498;-0,058;2,746;50,235;122,303;159,912;173,600;1,232;6449,025;35,470;11,054;12,523;9,746;89,958;25,583;1,536;16,634;0,558;12,426;5698488,305;2;8
20240731133843_Y5_X6;11,338;144,295;0,134;951,560;1,078;13,909;-0,218;2,734;78,629;65,665;152,140;170,500;1,671;8148,257;37,740;8,958;13,011;6,793;88,915;23,367;1,595;16,336;0,490;13,460;5698488,305;2;8
20240731133843_Y5_X7;11,639;123,512;0,176;902,137;0,9699;14,322;-0,113;2,698;67,731;55,781;180,007;180,000;1,579;7798,772;39,282;10,496;12,916;7,923;90,417;26,026;1,602;17,346;0,558;13,510;5698488,305;2;8
20240731133843_Y6_X5;10,965;350,179;0,174;895,532;0,9867;14,229;0,763;8,775;293,867;56,312;241,742;0,000;1,603;7767,640;35,747;16,343;12,287;7,699;89,741;24,157;1,500;15,762;0,771;12,532;5698488,305;2;8
20240731133843_Y6_X6;12,504;349,728;0,309;634,743;0,4945;15,462;-0,482;3,044;143,561;206,167;433,782;0,000;1,108;5822,344;36,984;9,098;18,910;6,649;84,296;22,891;2,011;16,798;0,492;14,919;5698488,305;2;8
20240731133843_Y6_X7;13,296;171,058;0,230;891,681;0,9518;16,132;-0,226;2,512;70,832;100,226;326,565;175,500;1,565;7670,199;46,048;8,286;14,016;5,679;90,196;26,623;1,785;19,329;0,486;15,903;5698488,305;2;8
20240731133843_Y7_X5;9,328;156,190;0,149;943,013;1,048;11,897;-0,253;3,380;91,164;65,026;206,515;0,000;1,647;8097,601;28,119;10,376;14,850;8,751;86,250;20,398;1,661;13,021;0,525;10,504;5698488,305;2;8
20240731133843_Y7_X6;9,453;153,203;0,107;924,651;1,020;12,102;0,000;3,674;87,124;66,079;125,566;0,000;1,628;7795,606;29,275;11,897;13,390;10,217;88,686;22,356;1,502;14,057;0,594;10,488;5698488,305;2;8
20240731133843_Y7_X7;9,730;134,727;0,291;924,311;1,016;12,247;-0,272;3,133;76,517;58,210;163,878;177,000;1,619;8043,429;30,716;9,731;14,382;8,356;88,115;21,451;1,583;13,937;0,502;11,090;5698488,305;2;8
20240731133843_Y8_X5;8,857;297,261;0,076;905,301;0,9835;11,085;-0,272;3,407;59,120;238,141;104,885;0,000;1,596;7799,651;28,323;8,382;12,244;7,759;88,019;18,707;1,393;12,631;0,437;10,238;5698488,305;2;8
20240731133843_Y8_X6;8,309;287,201;0,121;922,331;1,012;10,439;-0,133;3,410;228,136;59,065;126,831;175,600;1,618;7830,607;26,396;8,768;10,861;9,093;88,465;18,829;1,265;12,247;0,446;9,526;5698488,305;2;8
20240731133843_Y8_X7;8,218;252,639;0,293;903,716;0,9689;10,322;-0,074;3,334;114,477;138,161;111,378;179,800;1,578;7952,320;26,635;8,895;10,608;9,083;89,825;18,886;1,211;12,241;0,450;9,328;5698488,305;2;8
20240731143126_Y3_X2;14,879;235,641;0,266;834,536;0,8398;19,184;-0,747;4,078;121,168;114,473;276,520;90,000;1,464;7284,482;47,119;12,276;30,441;5,795;88,449;28,441;2,932;19,567;0,635;16,352;5698488,305;2;8
20240731143126_Y3_X3;11,201;407,710;0,305;811,307;0,8183;15,575;-0,392;7,306;248,494;159,217;136,053;166,700;1,451;7176,840;30,139;14,695;28,133;8,741;85,613;21,992;2,693;14,001;0,718;11,384;5698488,305;2;8
20240731143126_Y3_X4;9,118;194,503;0,182;602,083;0,4438;12,357;-1,212;5,300;40,210;154,293;154,368;165,500;1,044;6123,988;24,674;7,079;24,212;7,867;85,213;16,533;2,300;11,213;0,375;9,421;5698488,305;2;8
20240731143126_Y3_X5;10,652;156,421;0,202;610,840;0,4556;13,648;-0,789;3,867;64,209;92,212;282,825;180,000;1,059;6310,251;32,100;7,540;21,238;6,369;86,494;19,714;2,120;13,855;0,420;11,876;5698488,305;2;8
20240731143126_Y4_X2;12,812;147,981;0,382;1003,847;1,156;16,196;-0,566;3,600;74,444;73,536;248,600;160,600;1,734;8127,854;39,842;10,561;21,763;6,405;87,171;24,546;2,252;17,243;0,555;14,637;5698488,305;2;8
20240731143126_Y4_X3;14,940;201,294;0,378;580,692;0,4097;19,261;-0,394;4,231;117,104;84,190;189,336;168,500;1,004;4991,284;41,803;17,931;28,512;5,524;82,983;25,098;3,038;18,271;0,747;16,899;5698488,305;2;8
20240731143126_Y4_X4;13,787;187,544;0,239;676,210;0,5758;18,267;0,048;5,209;120,285;67,259;116,448;174,300;1,209;5487,106;36,871;21,372;25,717;7,874;82,560;26,357;2,703;17,332;0,982;15,497;5698488,305;2;8
20240731143126_Y4_X5;14,076;341,567;0,081;858,317;0,9191;18,938;0,254;6,407;156,453;185,113;115,418;167,400;1,541;7166,990;35,558;24,753;27,009;7,647;80,380;25,700;2,734;16,959;1,108;16,332;5698488,305;2;8
20240731143126_Y4_X6;11,416;153,214;0,170;909,750;0,9750;14,664;-0,824;3,565;88,158;65,056;139,304;170,400;1,581;8069,812;31,440;7,538;23,992;7,289;83,061;20,038;2,506;14,387;0,417;12,824;5698488,305;2;8
20240731143126_Y5_X2;13,279;159,772;0,374;1004,473;1,189;16,669;-0,603;3,438;83,779;75,992;207,399;168,400;1,761;8210,872;41,661;9,171;21,751;5,388;86,599;24,199;2,319;17,668;0,494;15,509;5698488,305;2;8
20240731143126_Y5_X3;11,882;231,566;0,168;959,305;1,113;15,858;-0,843;5,230;115,635;115,931;124,024;170,900;1,709;7868,598;33,993;10,827;27,493;7,523;86,061;22,216;2,663;15,207;0,550;12,692;5698488,305;2;8
20240731143126_Y5_X4;10,115;193,906;0,279;731,748;0,6618;14,796;0,209;8,240;95,242;98,664;109,685;171,800;1,291;6639,685;26,821;23,021;23,631;9,527;86,894;26,168;2,194;12,693;1,126;9,871;5698488,305;2;8
20240731143126_Y5_X5;12,162;168,686;0,163;788,880;0,7809;17,260;-0,327;6,274;96,013;72,673;137,194;173,700;1,412;7159,427;31,548;23,459;31,832;8,019;85,624;25,047;2,947;14,341;1,065;11,935;5698488,305;2;8
20240731143126_Y5_X6;12,332;132,014;0,184;492,059;0,2763;15,979;-1,007;3,961;56,182;75,832;182,772;168,500;0,825;4294,777;31,149;7,919;28,495;6,670;81,126;19,621;2,875;14,509;0,426;13,719;5698488,305;2;8
20240731145154_Y4_X1;14,631;251,252;0,474;580,231;0,3718;18,141;-0,142;2,789;148,314;102,937;401,073;0,000;0,968;4649,890;47,997;12,758;17,219;9,712;90,019;32,863;2,040;22,651;0,649;17,113;5698488,305;2;8
20240731145154_Y4_X2;13,262;183,075;0,128;901,507;0,9619;16,587;0,020;3,823;110,654;72,420;177,326;0,000;1,582;7562,381;46,785;16,225;18,112;6,085;92,480;29,786;1,894;18,968;0,774;14,729;5698488,305;2;8
20240731145154_Y4_X3;12,486;226,579;0,145;834,151;0,8327;15,254;0,019;2,771;132,520;94,059;201,013;180,000;1,463;7465,820;44,021;11,712;12,159;7,303;92,816;28,098;1,527;18,831;0,625;14,527;5698488,305;2;8
20240731145154_Y4_X4;13,303;224,334;0,314;904,892;0,9800;16,165;-0,060;2,541;168,288;56,046;437,794;0,000;1,591;8323,087;46,600;11,084;12,060;6,648;91,153;28,781;1,743;19,669;0,598;15,507;5698488,305;2;8
20240731145154_Y4_X5;14,477;252,850;0,350;823,437;0,8238;17,536;-0,087;2,441;152,969;99,881;485,234;180,000;1,450;7965,511;51,035;9,710;13,810;7,576;92,502;31,250;1,764;22,320;0,546;17,080;5698488,305;2;8
20240731145154_Y4_X6;14,808;209,465;0,332;878,809;0,9324;18,135;-0,230;2,536;147,896;61,569;456,953;0,000;1,548;8341,731;49,564;10,295;16,958;7,094;89,048;30,628;2,138;21,621;0,573;17,496;5698488,305;2;8
20240731145154_Y4_X8;16,437;198,995;0,490;914,079;1,004;20,276;-0,062;2,794;112,836;86,159;415,472;180,000;1,608;8252,029;54,437;14,981;17,822;8,473;89,610;36,212;2,264;24,648;0,779;19,190;5698488,305;2;8
20240731145154_Y4_X9;18,810;186,135;0,475;907,573;0,9855;22,817;-0,199;2,422;94,732;91,404;493,587;0,000;1,594;8034,810;63,028;12,540;19,103;6,749;88,803;38,352;2,440;27,528;0,733;22,922;5698488,305;2;8
20240731145154_Y5_X1;14,185;251,964;0,285;823,600;0,7801;18,461;0,954;10,170;182,706;69,258;206,103;0,000;1,426;6072,981;45,818;21,688;14,646;8,040;89,479;31,785;1,829;20,557;1,035;16,384;5698488,305;2;8
20240731145154_Y5_X2;10,837;246,744;0,070;901,476;0,9364;14,020;0,397;4,083;88,775;157,969;96,513;180,000;1,561;7269,883;32,780;17,660;13,029;12,599;90,632;30,630;1,433;17,259;0,872;11,863;5698488,305;2;8
20240731145154_Y5_X3;9,496;91,623;0,086;409,834;0,1686;11,854;-0,117;2,878;40,966;50,657;119,159;180,000;0,641;2523,080;30,604;9,767;11,560;9,776;89,515;22,292;1,349;14,509;0,492;11,008;5698488,305;2;8
20240731145154_Y5_X4;14,206;277,946;0,273;918,067;1,020;17,638;-0,222;2,917;78,161;199,785;378,012;0,000;1,628;7919,253;46,697;12,609;18,155;7,935;89,257;30,855;2,146;20,754;0,661;16,316;5698488,305;2;8
20240731145154_Y5_X7;15,764;156,481;0,338;876,359;0,9188;19,205;-0,226;2,514;81,243;75,237;468,499;180,000;1,534;8216,676;54,292;9,954;17,257;6,614;90,229;32,618;2,201;23,140;0,588;18,591;5698488,305;2;8
20240731145154_Y5_X8;17,055;231,227;0,358;807,725;0,7895;21,210;-0,491;3,079;98,406;132,821;493,534;180,000;1,417;7860,859;55,817;10,423;25,478;6,195;88,238;33,108;2,877;23,816;0,600;19,581;5698488,305;2;8
20240731145154_Y5_X9;17,234;259,839;0,471;715,201;0,6189;20,683;-0,035;2,500;170,488;89,351;492,240;0,000;1,252;6805,018;59,607;12,050;14,564;7,264;92,260;36,509;2,098;25,655;0,644;20,087;5698488,305;2;8
20240731151213_Y2_X2;17,317;229,659;0,213;464,496;0,1540;21,152;0,037;2,680;127,197;102,461;222,704;90,000;0,608;889,806;61,235;15,807;16,366;8,077;92,767;39,934;2,199;26,755;0,857;19,694;5698488,305;2;8
20240731151213_Y2_X3;19,118;441,556;0,374;663,955;0,4826;23,727;0,106;3,098;198,542;243,014;398,515;90,000;1,116;4213,694;63,376;22,135;20,296;9,372;91,440;46,019;2,504;29,011;1,122;21,619;5698488,305;2;8
20240731151213_Y2_X4;17,198;172,375;0,388;498,782;0,2237;21,208;-0,255;2,745;90,447;81,929;366,659;90,000;0,745;2219,150;55,876;13,776;21,794;7,305;88,480;35,296;2,525;24,730;0,731;20,289;5698488,305;2;8
20240731151213_Y2_X5;16,772;365,783;0,231;745,625;0,6492;20,778;-0,082;3,027;265,908;99,875;239,160;90,000;1,303;5117,043;56,565;15,764;21,193;8,356;91,629;37,840;2,322;25,160;0,815;19,111;5698488,305;2;8
20240731151213_Y2_X6;14,248;227,356;0,282;481,529;0,2311;18,352;0,169;4,571;110,860;116,496;199,543;169,500;0,758;2446,746;43,233;17,662;19,689;10,740;87,930;32,737;2,233;21,214;0,880;16,021;5698488,305;2;8
20240731151213_Y3_X2;20,108;294,250;0,361;519,695;0,2980;25,114;0,204;3,983;166,425;127,825;390,356;90,000;0,870;3002,721;68,849;21,989;20,612;7,391;91,377;42,818;2,643;30,113;1,055;23,083;5698488,305;2;8
20240731151213_Y3_X3;20,432;224,622;0,362;518,074;0,2489;24,988;-0,126;2,664;98,598;126,024;388,487;90,000;0,797;2425,288;69,214;16,571;23,142;7,528;91,107;43,171;2,886;30,152;0,844;23,236;5698488,305;2;8
20240731151213_Y3_X4;16,890;205,585;0,346;617,305;0,3978;21,070;-0,301;3,167;96,627;108,958;373,396;90,000;1,005;4063,487;58,426;15,753;24,425;6,172;91,067;37,108;2,641;23,813;0,842;19,026;5698488,305;2;8
20240731151213_Y3_X5;17,141;215,881;0,415;621,774;0,4180;20,807;-0,234;2,911;115,333;100,548;355,852;90,000;1,034;4178,868;59,771;14,955;21,548;3,867;90,938;33,325;2,467;23,535;0,683;19,581;5698488,305;2;8
20240731151213_Y3_X6;14,742;210,630;0,195;403,054;0,1364;18,536;-0,019;4,720;149,578;61,051;218,918;168,500;0,574;713,392;47,791;20,336;20,572;4,337;87,798;27,553;2,326;19,239;0,763;17,018;5698488,305;2;8
20240731151213_Y4_X2;19,274;442,101;0,338;697,444;0,5730;24,149;0,192;4,349;162,932;279,168;364,140;90,000;1,218;5389,489;62,317;21,321;22,107;8,350;89,101;41,414;2,633;28,328;1,091;22,392;5698488,305;2;8
20240731151213_Y4_X3;16,307;232,139;0,273;536,024;0,3172;20,304;-0,179;3,185;107,574;124,565;297,380;90,000;0,895;3569,600;54,469;16,334;20,849;6,508;89,646;34,439;2,393;23,181;0,811;18,962;5698488,305;2;8
20240731151213_Y4_X4;19,640;177,668;0,368;511,800;0,2747;23,641;-0,042;2,455;107,190;70,477;407,272;90,000;0,826;3520,352;71,092;14,475;17,325;5,806;93,177;41,696;2,350;29,470;0,793;23,243;5698488,305;2;8
20240731151213_Y4_X5;15,357;340,846;0,382;534,194;0,3051;19,241;-0,231;3,636;117,865;222,981;252,130;90,000;0,875;3712,419;50,833;12,671;21,154;7,485;89,681;31,507;2,384;22,347;0,662;17,622;5698488,305;2;8
20240731151213_Y4_X6;13,015;208,766;0,372;480,495;0,2018;16,345;-0,115;3,024;121,544;87,222;232,402;90,000;0,708;2261,890;40,666;12,473;17,409;11,434;89,006;29,583;2,047;19,957;0,603;14,530;5698488,305;2;8
20240731151213_Y5_X2;17,062;200,795;0,313;424,076;0,1492;21,119;-0,037;2,975;116,399;84,396;342,417;90,000;0,599;1063,229;57,375;19,015;19,016;7,733;90,553;39,579;2,324;24,973;0,988;19,596;5698488,305;2;8
20240731151213_Y5_X3;22,294;268,848;0,239;787,900;0,6980;26,902;-0,028;2,586;153,245;115,603;249,937;90,000;1,338;5701,159;83,584;20,353;19,639;5,033;93,815;49,845;2,779;32,179;1,097;25,561;5698488,305;2;8
20240731151213_Y5_X4;21,045;208,513;0,379;466,978;0,1571;26,334;-0,125;3,125;122,209;86,304;406,293;90,000;0,633;541,904;66,699;19,943;25,367;8,632;86,900;43,578;3,206;30,723;1,027;24,744;5698488,305;2;8
20240731151213_Y5_X5;18,086;189,472;0,426;429,792;0,1671;22,315;-0,656;2,983;74,970;114,502;451,792;90,000;0,637;2076,155;50,883;9,585;29,619;5,709;81,510;29,854;3,036;22,986;0,594;22,197;5698488,305;2;8
20240731155649_Y3_X7;8,949;164,427;0,390;991,269;1,121;11,239;-0,248;3,242;106,983;57,444;175,179;90,000;1,706;8253,612;28,620;8,939;12,433;8,039;88,324;19,407;1,405;12,836;0,462;10,285;5698488,305;2;8
20240731155649_Y4_X2;10,674;288,168;0,331;919,100;0,9677;13,543;-0,187;3,553;80,713;207,454;351,325;90,000;1,580;7794,375;34,317;11,836;15,950;9,448;90,346;25,003;1,647;15,900;0,598;11,896;5698488,305;2;8
20240731155649_Y4_X4;9,317;174,204;0,307;1000,462;1,137;12,016;-0,276;3,888;79,398;94,807;124,350;10,000;1,723;8104,637;27,984;11,280;15,296;9,067;86,941;21,042;1,636;13,084;0,568;10,404;5698488,305;2;8
20240731155649_Y4_X5;8,418;235,271;0,303;765,925;0,6717;10,787;-0,317;3,640;87,821;147,450;101,944;10,200;1,305;6617,172;25,503;9,657;13,826;8,950;87,281;18,795;1,462;11,875;0,489;9,418;5698488,305;2;8
20240731155649_Y4_X6;8,754;170,168;0,438;911,009;0,9408;11,313;0,118;4,858;117,370;52,798;105,532;168,400;1,556;7486,223;26,881;11,944;12,413;9,241;87,696;20,344;1,411;12,551;0,598;9,782;5698488,305;2;8
20240731155649_Y4_X7;9,666;245,932;0,204;878,015;0,8805;12,234;-0,413;3,308;136,100;109,833;150,138;0,100;1,504;7467,051;28,752;9,226;15,460;8,172;85,297;19,876;1,681;13,309;0,474;11,223;5698488,305;2;8
20240731155649_Y5_X2;12,392;171,918;0,315;576,171;0,3642;15,173;-0,237;2,710;97,889;74,029;341,812;90,000;0,962;4587,802;41,747;9,697;15,196;6,365;89,756;25,411;1,757;17,762;0,535;14,503;5698488,305;2;8
20240731155649_Y5_X3;10,752;141,597;0,484;938,903;0,9890;13,451;-0,225;3,077;72,325;69,272;292,678;7,200;1,598;7524,214;33,830;11,068;14,503;8,062;87,569;23,530;1,644;15,338;0,567;12,521;5698488,305;2;8
20240731155649_Y5_X4;9,937;257,498;0,114;888,400;0,8991;12,314;-0,152;3,005;183,409;74,088;138,166;9,500;1,523;7385,792;32,963;8,995;11,828;8,508;90,008;22,112;1,409;14,878;0,472;11,521;5698488,305;2;8
20240731155649_Y5_X5;8,681;212,899;0,245;913,765;0,9537;10,981;-0,055;3,517;134,045;78,854;103,941;180,000;1,569;7741,785;27,937;10,692;11,543;8,231;89,123;19,859;1,315;12,509;0,534;9,843;5698488,305;2;8
20240731155649_Y5_X6;8,407;196,305;0,264;839,043;0,8229;11,182;0,175;6,351;100,301;96,004;92,926;11,500;1,453;7270,763;25,187;13,044;14,093;8,557;87,417;18,656;1,486;11,494;0,631;9,177;5698488,305;2;8
20240731155649_Y5_X7;7,374;101,560;0,128;232,282;0,05091;9,339;-0,318;3,249;56,022;45,538;126,731;11,600;0,334;315,539;22,955;7,446;11,298;8,201;87,515;15,740;1,253;10,415;0,374;8,374;5698488,305;2;8
20240801091607_Y4_X3;24,039;513,204;0,276;520,719;0,3248;29,929;0,550;5,385;292,273;220,931;298,033;90,000;0,923;2741,179;80,430;47,252;18,444;4,786;90,503;47,866;2,476;33,264;1,658;28,800;5698488,305;2;8
20240801091607_Y4_X4;21,770;257,638;0,357;605,490;0,3551;25,979;-0,115;2,172;179,270;78,369;396,144;90,000;0,950;3773,452;76,906;11,773;15,956;5,319;91,276;43,024;2,394;32,321;0,726;27,098;5698488,305;2;8
20240801091607_Y4_X5;18,138;176,037;0,362;491,088;0,2005;22,034;-0,031;2,659;102,399;73,638;402,608;90,000;0,704;1927,004;58,700;17,793;18,049;7,713;88,873;39,312;2,228;26,544;0,934;21,381;5698488,305;2;8
20240801091607_Y5_X3;22,580;316,502;0,356;426,269;0,1890;28,156;0,807;6,342;241,673;74,829;396,778;90,000;0,687;1005,187;79,609;43,693;11,777;5,024;93,540;48,551;2,160;32,230;1,608;26,551;5698488,305;2;8
20240801091607_Y5_X4;23,291;327,179;0,348;564,073;0,3293;28,986;0,118;3,958;197,218;129,962;383,772;90,000;0,921;2674,518;76,949;23,638;25,741;7,135;89,425;47,105;3,077;33,841;1,184;27,641;5698488,305;2;8
20240801091607_Y5_X5;21,084;314,673;0,361;788,158;0,6543;25,357;-0,317;2,644;179,493;135,179;394,993;90,000;1,295;5856,642;69,560;13,129;25,153;3,642;87,759;37,946;3,043;28,523;0,683;24,831;5698488,305;2;8
20240801091607_Y6_X3;21,211;260,231;0,358;387,250;0,1651;25,513;0,171;2,898;180,684;79,546;393,964;90,000;0,660;702,663;77,115;18,943;13,107;6,096;94,117;45,295;2,232;31,638;0,991;25,163;5698488,305;2;8
20240801091607_Y6_X4;18,830;242,182;0,361;620,633;0,3684;23,264;0,327;4,890;162,639;79,544;395,518;90,000;0,970;3710,485;66,834;20,434;16,674;5,493;92,435;38,723;2,256;27,560;0,933;22,241;5698488,305;2;8
20240801091607_Y7_X3;21,251;262,347;0,345;571,104;0,3353;26,733;0,402;5,016;179,283;83,064;380,406;90,000;0,923;2327,320;69,475;29,556;21,180;6,308;89,144;41,969;2,580;30,288;1,275;25,489;5698488,305;2;8
20240801091607_Y7_X4;19,506;426,105;0,306;695,735;0,5196;25,285;0,642;5,570;172,519;253,587;331,569;90,000;1,172;3305,596;63,586;33,954;21,574;8,576;91,402;47,356;2,557;28,403;1,625;21,513;5698488,305;2;8
20240801091607_Y8_X3;20,729;305,506;0,343;540,515;0,3180;25,861;0,582;6,105;218,661;86,846;375,064;90,000;0,922;1826,045;64,222;32,563;17,724;6,292;85,785;42,595;2,225;28,571;1,398;25,363;5698488,305;2;8
20240801091607_Y8_X4;18,670;268,517;0,296;637,081;0,4457;24,401;0,922;6,793;173,264;95,253;317,017;90,000;1,107;2442,349;60,847;33,559;17,988;9,457;92,166;47,343;2,161;28,196;1,669;20,878;5698488,305;2;8
20240801091607_Y8_X5;18,997;264,159;0,272;736,326;0,6478;25,046;0,495;5,815;168,143;96,017;287,469;90,000;1,327;3705,208;57,978;34,784;25,214;8,336;88,075;44,533;2,805;26,431;1,633;21,260;5698488,305;2;8
20240801091607_Y9_X3;21,373;274,486;0,296;734,803;0,5192;26,599;-0,009;3,430;148,198;126,289;322,068;90,000;1,171;3770,638;74,376;26,328;28,984;6,401;93,203;48,465;2,754;31,001;1,243;24,560;5698488,305;2;8
20240801091607_Y9_X4;18,620;282,262;0,239;716,879;0,5734;24,434;0,609;6,430;171,774;110,488;254,960;90,000;1,232;2952,417;59,660;36,872;23,769;7,011;89,879;42,062;2,624;25,205;1,646;20,715;5698488,305;2;8
20240801091607_Y9_X5;17,635;269,296;0,226;736,731;0,5419;21,973;0,135;4,338;182,113;87,184;243,872;90,000;1,190;4108,514;59,409;21,494;19,757;6,048;90,117;36,590;2,412;24,702;1,010;20,269;5698488,305;2;8
20240801091607_Y10_X3;18,181;176,136;0,394;245,544;0,1138;21,849;-0,149;2,527;110,739;65,398;433,492;90,000;0,547;562,307;59,606;16,985;17,903;4,701;87,391;34,973;2,227;24,860;0,797;22,370;5698488,305;2;8
20240801091607_Y10_X5;17,491;260,573;0,241;735,007;0,5490;23,642;1,326;10,677;189,715;70,857;256,811;90,000;1,208;3311,928;55,293;38,389;18,914;7,563;89,474;40,307;2,254;24,144;1,725;19,577;5698488,305;2;8
20240801093226_Y3_X2;11,630;127,183;0,384;416,730;0,1291;14,270;-0,316;2,808;45,057;82,126;403,547;90,000;0,560;1504,702;37,643;8,616;14,443;7,139;88,232;23,595;1,631;16,756;0,477;13,937;5698488,305;2;8
20240801093226_Y3_X3;13,022;221,425;0,299;792,528;0,7449;15,877;0,011;2,577;129,560;91,865;265,860;180,000;1,380;6698,958;43,571;11,569;12,248;10,003;91,806;30,065;1,619;20,308;0,578;15,002;5698488,305;2;8
20240801093226_Y3_X4;13,250;293,171;0,334;967,018;1,144;16,944;0,219;7,391;186,945;106,226;242,545;0,000;1,738;7802,114;42,801;14,191;18,679;6,883;88,322;26,692;2,127;18,497;0,694;15,189;5698488,305;2;8
20240801093226_Y3_X5;12,823;325,581;0,289;878,753;0,9315;16,706;0,865;10,110;178,943;146,638;230,739;90,000;1,551;7503,811;42,102;18,623;15,351;8,452;90,825;29,392;1,747;18,815;0,919;14,427;5698488,305;2;8
20240801093226_Y3_X6;11,033;179,587;0,280;869,575;0,8937;13,784;-0,421;3,021;77,578;102,009;291,087;90,000;1,512;7669,144;34,741;8,913;16,378;7,319;87,111;22,533;1,809;15,420;0,482;12,880;5698488,305;2;8
20240801093226_Y3_X7;11,365;253,590;0,365;901,686;0,9716;14,105;-0,143;2,881;137,167;116,422;345,100;180,000;1,580;7917,846;37,556;11,068;14,225;8,217;89,924;25,636;1,650;16,757;0,578;13,041;5698488,305;2;8
20240801093226_Y4_X2;15,467;251,044;0,327;969,747;1,097;18,953;-0,103;2,618;149,904;101,140;340,550;90,000;1,692;7816,888;52,438;13,152;16,472;8,114;90,932;34,502;2,091;23,162;0,703;17,939;5698488,305;2;8
20240801093226_Y4_X3;14,165;232,190;0,295;951,399;1,052;17,404;-0,276;2,663;81,958;150,232;248,756;180,000;1,650;7721,910;47,374;10,424;17,163;6,568;88,748;29,085;2,130;20,342;0,576;16,610;5698488,305;2;8
20240801093226_Y4_X4;15,830;343,549;0,268;970,976;1,117;19,823;-0,538;3,141;150,515;193,034;282,482;90,000;1,702;8027,951;47,695;11,170;25,331;6,514;84,733;29,023;2,782;21,233;0,602;18,721;5698488,305;2;8
20240801093226_Y4_X5;13,740;217,786;0,311;827,239;0,8144;16,645;-0,013;2,648;80,413;137,373;432,088;180,000;1,440;7260,210;46,102;11,009;13,431;9,137;92,150;29,976;1,722;20,759;0,560;15,681;5698488,305;2;8
20240801093226_Y4_X6;13,414;219,162;0,309;790,069;0,7385;17,063;-0,639;3,381;139,329;79,833;425,490;180,000;1,366;7159,603;40,493;9,936;24,475;7,037;85,675;25,851;2,636;17,855;0,542;15,178;5698488,305;2;8
20240801093226_Y4_X7;12,226;196,501;0,652;883,672;0,9160;14,955;-0,302;2,645;54,025;142,476;487,940;0,000;1,531;7738,795;40,530;8,535;15,190;6,286;88,650;24,548;1,792;17,355;0,486;14,437;5698488,305;2;8
20240801093226_Y5_X2;13,782;229,847;0,438;892,647;0,9286;16,949;-0,226;2,755;156,479;73,368;458,600;90,000;1,548;7287,120;45,997;11,131;16,522;7,216;89,567;29,262;1,954;20,136;0,600;16,189;5698488,305;2;8
20240801093226_Y5_X3;14,509;312,509;0,373;958,041;1,075;17,544;-0,079;2,453;146,779;165,730;387,096;90,000;1,672;7741,609;50,529;10,909;12,860;6,876;91,269;31,049;1,769;21,738;0,613;17,339;5698488,305;2;8
20240801093226_Y5_X4;12,306;171,508;0,266;923,235;0,9985;15,344;-0,068;2,937;105,581;65,928;167,690;90,000;1,604;7789,098;40,191;12,851;14,897;10,067;90,697;29,434;1,698;19,083;0,641;14,071;5698488,305;2;8
20240801093226_Y5_X5;11,091;115,695;0,250;373,779;0,1148;13,922;-0,377;3,005;60,164;55,531;185,143;0,000;0,526;1546,387;34,479;10,068;16,870;7,978;86,896;23,506;1,853;15,496;0,543;12,834;5698488,305;2;8
20240801093226_Y5_X6;10,898;160,036;0,229;942,174;1,044;13,842;-0,438;3,437;78,987;81,049;240,612;90,000;1,640;8150,191;34,026;9,608;17,889;8,654;88,004;23,040;1,899;15,590;0,499;12,285;5698488,305;2;8
20240801093226_Y5_X7;11,939;142,380;0,505;899,149;0,9508;14,538;-0,155;2,516;59,837;82,542;307,339;0,000;1,559;7952,496;41,276;8,598;12,509;7,097;90,956;25,553;1,590;17,800;0,490;14,070;5698488,305;2;8
20240801093226_Y6_X2;17,700;296,208;0,221;872,981;0,9187;21,422;-0,145;2,630;158,344;137,864;304,296;180,000;1,542;7285,010;61,675;15,327;17,706;5,110;90,331;36,398;2,399;24,772;0,803;20,570;5698488,305;2;8
20240801093226_Y6_X3;15,396;240,558;0,279;962,696;1,086;19,287;-0,230;2,918;142,895;97,663;288,765;180,000;1,683;7692,537;49,243;15,054;21,649;8,875;88,812;34,756;2,518;22,322;0,773;17,192;5698488,305;2;8
20240801093226_Y6_X4;16,181;282,700;0,320;842,408;0,8340;19,678;-0,373;2,736;91,674;191,026;264,435;180,000;1,461;7099,274;50,666;11,262;19,963;5,920;85,836;30,643;2,267;22,086;0,643;19,588;5698488,305;2;8
20240801093226_Y6_X5;17,445;291,956;0,229;948,645;1,074;22,188;-0,651;3,170;96,833;195,122;319,682;180,000;1,672;7730,528;49,792;13,333;35,266;6,873;84,235;31,707;3,704;22,177;0,708;19,418;5698488,305;2;8
20240801093226_Y6_X6;16,937;200,631;0,143;949,236;1,060;21,598;-0,590;3,351;113,362;87,269;198,006;0,000;1,656;7753,745;50,658;13,888;32,539;6,622;85,787;31,761;3,407;22,176;0,715;18,911;5698488,305;2;8
20240801093226_Y6_X7;14,507;418,074;0,141;823,928;0,8441;18,452;-0,587;3,419;99,485;318,589;195,032;0,000;1,478;7186,514;43,794;11,465;25,792;7,213;85,759;28,207;2,785;19,463;0,605;16,512;5698488,305;2;8
20240801093226_Y7_X2;36,656;322,598;0,278;592,290;0,4003;43,777;-0,523;2,508;166,944;155,654;389,506;0,000;1,002;4399,781;94,137;17,623;57,225;2,670;75,872;53,434;4,911;45,213;0,836;47,509;5698488,305;2;8
20240801093226_Y7_X3;25,993;236,832;0,266;492,286;0,2643;32,148;-0,707;3,068;116,503;120,330;370,872;0,000;0,817;3191,974;68,417;13,029;47,956;6,021;80,410;39,604;4,811;32,363;0,775;30,697;5698488,305;2;8
20240801093226_Y7_X4;22,820;270,446;0,214;947,430;1,055;27,829;-0,056;2,414;131,109;139,336;298,645;0,000;1,655;7820,054;75,266;19,530;19,185;8,672;88,173;50,362;2,762;34,800;1,045;28,161;5698488,305;2;8
20240801093226_Y7_X5;23,684;241,167;0,211;965,734;1,104;28,467;0,040;2,215;130,845;110,322;296,277;0,000;1,696;7827,089;73,848;18,465;18,381;14,327;90,633;52,712;2,794;37,621;0,754;27,520;5698488,305;2;8
20240801093226_Y7_X6;23,419;204,377;0,293;447,308;0,2100;27,373;-0,058;2,177;100,679;103,698;416,215;0,000;0,716;2856,911;85,080;16,214;20,089;4,550;95,518;46,525;2,217;33,776;0,815;27,949;5698488,305;2;8
20240801093226_Y7_X7;22,044;234,262;0,215;922,778;1,004;26,513;-0,238;2,222;90,529;143,733;303,907;180,000;1,613;7407,602;67,887;15,624;21,658;6,273;82,087;42,096;2,490;30,773;0,883;29,318;5698488,305;2;8
20240801100832_Y2_X4;13,332;177,999;0,237;698,947;0,5419;16,676;-0,553;3,457;86,069;91,931;183,254;180,000;1,182;5083,097;40,509;10,907;21,492;6,074;85,794;24,758;2,300;17,568;0,574;15,321;5698488,305;2;8
20240801100832_Y2_X5;11,894;172,088;0,242;648,653;0,4485;15,366;-0,368;4,019;85,381;86,707;142,804;175,900;1,067;4598,707;36,721;13,395;20,707;9,182;88,715;26,872;2,063;17,052;0,680;13,151;5698488,305;2;8
20240801100832_Y2_X6;13,546;427,497;0,154;946,538;1,048;17,758;0,544;6,831;130,513;296,984;92,099;175,600;1,664;6843,361;41,501;20,746;17,638;8,864;87,503;30,603;2,036;19,256;1,017;15,404;5698488,305;2;8
20240801100832_Y2_X7;15,922;196,317;0,157;807,109;0,7355;19,772;-0,115;3,183;106,057;90,260;108,988;173,600;1,390;5424,139;52,025;16,866;18,790;6,490;87,927;33,356;2,296;22,121;0,852;18,843;5698488,305;2;8
20240801100832_Y2_X8;15,787;333,851;0,096;534,128;0,3299;20,436;0,795;8,719;200,582;133,269;121,172;170,400;0,920;2538,558;50,180;24,251;17,952;7,487;88,910;33,406;2,105;22,350;1,118;18,143;5698488,305;2;8
20240801100832_Y2_X9;13,756;214,419;0,151;517,206;0,2677;17,197;-0,111;3,099;147,072;67,347;90,023;172,800;0,822;2251,865;44,421;14,213;17,183;8,311;88,445;30,534;2,057;20,048;0,736;15,947;5698488,305;2;8
20240801100832_Y2_X10;15,890;243,862;0,154;709,624;0,5597;20,556;0,075;4,422;149,443;94,418;120,498;0,000;1,204;4443,576;47,565;23,878;23,518;8,181;86,141;36,797;2,638;21,577;1,156;18,036;5698488,305;2;8
20240801100832_Y2_X11;16,955;232,527;0,123;771,608;0,6493;21,574;-0,147;3,834;149,363;83,164;124,564;180,000;1,298;5272,350;47,899;21,881;25,483;7,892;82,629;35,342;2,784;22,407;1,071;20,103;5698488,305;2;8
20240801100832_Y3_X4;10,474;227,514;0,425;640,498;0,4390;13,045;0,068;4,513;131,484;96,030;199,914;90,000;1,054;5100,861;35,372;10,100;12,063;6,887;90,036;22,135;1,489;15,140;0,516;12,134;5698488,305;2;8
20240801100832_Y3_X5;10,270;287,846;0,291;728,047;0,5850;13,023;-0,052;3,895;100,920;186,927;137,588;179,700;1,229;5648,393;32,522;11,953;13,770;9,132;88,926;23,841;1,553;15,079;0,601;11,691;5698488,305;2;8
20240801100832_Y3_X6;10,591;321,689;0,205;493,174;0,2549;13,475;0,088;8,279;210,356;111,332;132,294;179,900;0,804;3319,842;32,344;10,547;15,842;7,309;85,845;21,136;1,763;14,550;0,525;12,378;5698488,305;2;8
20240801100832_Y3_X7;12,082;158,126;0,104;451,005;0,1847;15,113;-0,375;3,145;89,293;68,833;109,867;174,800;0,675;1709,257;39,276;9,242;17,365;7,565;88,649;24,658;1,950;17,417;0,492;13,965;5698488,305;2;8
20240801100832_Y3_X8;14,127;204,838;0,091;917,101;0,9496;17,649;-0,566;2,904;82,737;122,101;96,378;172,300;1,574;6721,472;40,910;9,589;23,847;6,802;83,113;25,466;2,583;18,528;0,534;16,805;5698488,305;2;8
20240801100832_Y3_X9;14,319;215,056;0,117;631,755;0,4326;17,932;-0,431;2,988;78,411;136,645;96,900;170,500;1,049;4206,306;43,704;12,007;21,422;6,688;84,710;27,490;2,475;19,347;0,618;16,973;5698488,305;2;8
20240801100832_Y3_X10;12,654;188,704;0,176;744,281;0,5966;15,763;-0,331;3,110;113,258;75,446;124,765;169,800;1,237;5613,920;40,360;11,747;17,778;6,273;87,143;25,484;2,028;17,321;0,594;14,780;5698488,305;2;8
20240801100832_Y3_X11;12,301;200,999;0,393;407,228;0,1329;15,778;-0,036;4,188;144,386;56,613;200,857;158,600;0,568;873,976;37,919;14,869;17,724;8,592;87,128;26,969;2,101;17,300;0,729;13,731;5698488,305;2;8
20240801100832_Y3_X12;10,508;265,851;0,168;536,287;0,3170;14,516;1,058;15,429;183,981;81,870;231,324;180,000;0,892;4465,914;32,218;19,283;17,178;8,588;89,072;24,658;1,752;14,437;0,938;11,210;5698488,305;2;8
20240801100832_Y4_X6;10,043;320,427;0,388;796,383;0,7187;13,342;0,969;21,332;233,012;87,415;210,121;0,000;1,369;6478,398;31,329;12,121;15,835;8,524;88,424;21,415;1,676;14,283;0,602;11,214;5698488,305;2;8
20240801100832_Y4_X7;9,756;466,934;0,089;687,665;0,5176;12,288;-0,266;4,376;246,284;220,650;122,279;0,000;1,144;5741,788;31,582;9,079;14,661;6,553;88,727;19,670;1,569;13,608;0,457;11,192;5698488,305;2;8
20240801100832_Y4_X8;9,203;231,682;0,187;835,620;0,7580;11,623;-0,399;3,241;68,783;162,899;91,337;0,000;1,393;6852,507;28,598;8,608;14,143;7,959;86,860;19,491;1,585;12,867;0,449;10,536;5698488,305;2;8
20240801100832_Y4_X9;8,198;137,643;0,154;367,592;0,09717;10,551;-0,598;4,033;79,613;58,030;119,291;180,000;0,476;864,302;23,958;7,757;14,761;7,946;85,307;16,198;1,531;11,004;0,399;9,351;5698488,305;2;8